official_id,official_name,official_branch,official_province,official_address,official_latitude,official_longitude,official_url,official_about,google_name,google_feature_id,google_place_id,google_cid_decimal,google_latitude,google_longitude,google_rating,google_categories,google_address,google_maps_url,google_query,distance_km_from_official
13,Hermina Arcamanik,Arcamanik,JAWA BARAT,"Hermina Arcamanik Hospital, Jalan A.H. Nasution, Antapani Wetan, Bandung City, West Java, Indonesia",-6.904909,107.666749,,"Satu lagi Rumah Sakit Hermina dibuka di Bandung pada tahun 2010. Terletak di Jl. AH Nasution dengan gedung berlantai lima, RS Hermina Arcamanik memiliki CT Scan yang memungkinkan dokter untuk melihat ke dalam tubuh pasien tanpa bedah operasi. Rumah sakit ini juga berusaha untuk menerapkan manajemen standar kualitas untuk konsistensi pemeliharaan, kualitas, sistem, efisiensi, produktivitas dan standar layanan. Fasilitas pendukung lainnya adalah Hemodialisa dan Bobath.",RSU Hermina Arcamanik,0x2e68dd46e0715365:0xebb26d7575f70f99,ChIJZVNx4EbdaC4RmQ_3dXVtsus,16983757496025288601,-6.9041939999999995,107.666794,4.4,Rumah Sakit Umum,"RSU Hermina Arcamanik, Jl. AH. Nasution No.50, Antapani Wetan, Kec. Antapani, Kota Bandung, Jawa Barat 40291",https://www.google.com/maps/search/?api=1&query=RSU+Hermina+Arcamanik&query_place_id=ChIJZVNx4EbdaC4RmQ_3dXVtsus,"Hermina Arcamanik Hermina Arcamanik Hospital, Jalan A.H. Nasution, Antapani Wetan, Bandung City, West Java, Indonesia",0.0797
59,Hermina Badung,Hermina Badung,BALI,"Jl. Raya Lukluk No.221, Lukluk, Kec. Mengwi, Kabupaten Badung, Bali 80351",-8.594489942348318,115.18661044886137,,"Hermina Badung yang dikelola oleh PT Medikaloka Badung, berdiri tahun 2026 sebagai Rumah Sakit Umum Tipe C yang berlokasi di JJl. Raya Lukluk No.221, Lukluk, Kec. Mengwi, Kabupaten Badung, Bali 80351. Terdiri dari 3 lantai dengan fasilitas yang lengkap. Mulai dari IGD 24 Jam, Poliklinik Spesialis, ICU, NICU, PICU dan Kamar Operasi

Visi: Menjadi rumah sakit yang tumbuh, sehat, dan terkemuka dalam layanan kesehatan di wilayahnya.
Misi:
Meningkatkan mutu layanan dan keselamatan pasien.
Mengelola rumah sakit secara profesional dan efisien.
Meningkatkan fasilitas, layanan, dan kompetensi SDM.",Rumah Sakit Hermina Badung,0x2dd23947ae692a4b:0x74b361782e65f752,ChIJSypprkc50i0RUvdlLnhhs3Q,8409172098033252178,-8.594502,115.186607,4.9,Rumah Sakit,"Rumah Sakit Hermina Badung, Jl. Raya Lukluk No.221, Lukluk, Mengwi, Badung Regency, Bali 80351",https://www.google.com/maps/search/?api=1&query=Rumah+Sakit+Hermina+Badung&query_place_id=ChIJSypprkc50i0RUvdlLnhhs3Q,"Hermina Badung Jl. Raya Lukluk No.221, Lukluk, Kec. Mengwi, Kabupaten Badung, Bali 80351",0.0014
25,Hermina Balikpapan,Balikpapan,KALIMANTAN TIMUR,"Hermina Balikpapan Hospital, Jalan MT Haryono Jl. Sepinggan Baru, Sepinggan, Balikpapan City, East Kalimantan, Indonesia",-1.2299833,116.874344,,"RS Hermina Balikpapan merupakan rumah sakit yang berlokasi di Balikpapan Selatan dan mulai beroperasi pada tahun 2017. Rumah sakit ini memiliki gedung lima lantai dengan kapasitas 139 tempat tidur, serta didukung oleh fasilitas pelayanan kesehatan yang memadai dan tenaga medis profesional untuk memberikan pelayanan kesehatan yang aman, nyaman, dan berkualitas bagi masyarakat.",Rumah Sakit Hermina Balikpapan,0x2df1461124d9515d:0xfdef4235fcce3f9b,ChIJXVHZJBFG8S0Rmz_O_DVC7_0,18297916610671689627,-1.230073,116.87433159999999,4.1,Rumah Sakit Umum,"Rumah Sakit Hermina Balikpapan, Jl. Mt. Haryono No 45 Sepinggan Baru, Sepinggan, Kecamatan Balikpapan Selatan, Kota Balikpapan, Kalimantan Timur 76114",https://www.google.com/maps/search/?api=1&query=Rumah+Sakit+Hermina+Balikpapan&query_place_id=ChIJXVHZJBFG8S0Rmz_O_DVC7_0,"Hermina Balikpapan Hermina Balikpapan Hospital, Jalan MT Haryono Jl. Sepinggan Baru, Sepinggan, Balikpapan City, East Kalimantan, Indonesia",0.0101
19,Hermina Banyumanik,Banyumanik,JAWA TENGAH,"Hermina Banyumanik Hospital, Jalan Jenderal Pol Anton Sujarwo, Srondol Wetan, Semarang City, Central Java, Indonesia",-7.072797599999999,110.411677,,"RSU Hermina Banyumanik menjadi rumah sakit Hermina kedua di Semarang. Mulai beroperasi tahun 2014 dengan 5 lantai dengan 50 tempat tidur, kini telah memiliki 6 lantai memiliki 2 gedung dan 145 tempat tidur (per Juli 2025)",Rumah Sakit Umum Hermina Banyumanik,0x2e7089468839b465:0xdbffdbac21dc509a,ChIJZbQ5iEaJcC4RmlDcIazb_9s,15852630745716379802,-7.0727075,110.4117526,4.6,Rumah Sakit,"Rumah Sakit Umum Hermina Banyumanik, Jl. Jenderal Pol Anton Sujarwo No.195A, Srondol Wetan, Kec. Banyumanik, Kota Semarang, Jawa Tengah 50263",https://www.google.com/maps/search/?api=1&query=Rumah+Sakit+Umum+Hermina+Banyumanik&query_place_id=ChIJZbQ5iEaJcC4RmlDcIazb_9s,"Hermina Banyumanik Hermina Banyumanik Hospital, Jalan Jenderal Pol Anton Sujarwo, Srondol Wetan, Semarang City, Central Java, Indonesia",0.013
3,Hermina Bekasi,Bekasi,JAWA BARAT,"Hermina Hospital, Jalan Kemakmuran, RT.004/RW.003, Marga Jaya, Bekasi Selatan, Bekasi City, West Java, Indonesia",-6.241768100000001,106.9946843,,"RS Hermina Bekasi dibangun pada tahun 1997 dan terletak di tengah area Margajaya, Bekasi. Rumah sakit ini menjadi tujuan utama masyarakat sekitar yang membutuhkan layanan khusus, seperti Onkologi & Radioterapi, Klinik Fertilitas IVF, dan Pusat Jantung Terpadu yang menjadi layanan unggulan. Sebanyak 410 tempat tidur telah tersedia, didukung dengan fasilitas ICU, NICU, PICU, In Vitro Fertilization, Hemodialisis, CAPD, C-Arm, Bedah Vaskuler, PSLD, Thalassemia, Kemoterapi, Klinik Tumbuh Kembang, Bobath, Cath Lab, Rehabilitasi Medik dan Endoskopi.",RS Hermina Bekasi,0x2e698c3ab3db870d:0x16943b7d027a50de,ChIJDYfbszqMaS4R3lB6An07lBY,1626990773486112990,-6.241693199999999,106.99484369999999,4.5,Rumah Sakit Swasta,"RS Hermina Bekasi, Jl. Kemakmuran No.39, RT.004/RW.003, Marga Jaya, Kec. Bekasi Sel., Kota Bks, Jawa Barat 17141",https://www.google.com/maps/search/?api=1&query=RS+Hermina+Bekasi&query_place_id=ChIJDYfbszqMaS4R3lB6An07lBY,"Hermina Bekasi Hermina Hospital, Jalan Kemakmuran, RT.004/RW.003, Marga Jaya, Bekasi Selatan, Bekasi City, West Java, Indonesia",0.0195
23,Hermina Bitung,Bitung,BANTEN,"Hermina Bitung Hospital, Kadu, Tangerang, Banten, Indonesia",-6.221750899999999,106.5623861,,"Untuk membantu para pekerja di daerah sekitarnya, RS Hermina Bitung telah bekerjasama dengan BPJS Ketenagakerjaan dalam memberikan pelayanan kesehatan. Didirikan pada tahun 2015 dengan 5 lantai dan 50 tempat tidur, RS Hermina Bitung memiliki fasilitas Hemodialisis sebagai produk unggulan.",Rumah Sakit Hermina Bitung,0x2e69fe746c00c1bd:0xded701a9048be244,ChIJvcEAbHT-aS4RROKLBKkB194,16057304821850169924,-6.2216008,106.5624146,4.5,Rumah Sakit Umum|Rumah Sakit Anak|Dokter|Rumah Sakit,"QHH6+FW4 Rumah Sakit Hermina Bitung, Jl. Raya Serang No.10, Kadu, Kec. Curug, Kabupaten Tangerang, Banten 15810",https://www.google.com/maps/search/?api=1&query=Rumah+Sakit+Hermina+Bitung&query_place_id=ChIJvcEAbHT-aS4RROKLBKkB194,"Hermina Bitung Hermina Bitung Hospital, Kadu, Tangerang, Banten, Indonesia",0.017
6,Hermina Bogor,Bogor,JAWA BARAT,"Hermina Bogor, RT.01/RW.03, Curugmekar, Bogor City, West Java, Indonesia",-6.557354499999999,106.7739387,,"Bagi banyak pasangan, menjadi orang tua adalah sebuah transisi perubahan hidup. Mereka bisa mempersiapkan diri dengan belajar lebih lanjut tentang bagaimana merawat bayi. Dan RS Hermina Bogor punya solusi untuk membantu pasangan baru melalui program ‘New Parents Class’ sebagai produk pilihan. Dengan lokasinya yang strategis di Bogor, rumah sakit berlantai 6 ini berkapasitas 140 tempat tidur yang didukung layanan ICU 24 jam dan fasilitas lainnya, seperti KTK dan Endoskopi.",RS Hermina Bogor,0x2e69c488f8b42669:0x30e8c26fcadf8fb5,ChIJaSa0-IjEaS4RtY_fym_C6DA,3524280493818220469,-6.5575129,106.773787,4.5,Rumah Sakit|Dokter,"RS Hermina Bogor, Jl. Ring Road Taman Yasmin, RT.08/RW.08, Curugmekar, Kec. Bogor Bar., Kota Bogor, Jawa Barat 16113",https://www.google.com/maps/search/?api=1&query=RS+Hermina+Bogor&query_place_id=ChIJaSa0-IjEaS4RtY_fym_C6DA,"Hermina Bogor Hermina Bogor, RT.01/RW.03, Curugmekar, Bogor City, West Java, Indonesia",0.0243
50,Hermina Ciawi,https://herminahospitals.com/id/branch/hermina-ciawi,JAWA BARAT,"Jl. Raya Puncak - Gadog No.23, Pandansari, Kec. Ciawi, Kabupaten Bogor, Jawa Barat 16720",-6.653576771769342,106.86522045882525,,,RSU Hermina Ciawi,0x2e69c95b0d45e5a3:0x281c0432dfdc60c8,ChIJo-VFDVvJaS4RyGDc3zIEHCg,2890189677415653576,-6.6536019,106.8652211,4.3,Rumah Sakit,"RSU Hermina Ciawi, Jl. Raya Puncak - Gadog No.23, Pandansari, Ciawi, Bogor Regency, West Java 16720",https://www.google.com/maps/search/?api=1&query=RSU+Hermina+Ciawi&query_place_id=ChIJo-VFDVvJaS4RyGDc3zIEHCg,"Hermina Ciawi Jl. Raya Puncak - Gadog No.23, Pandansari, Kec. Ciawi, Kabupaten Bogor, Jawa Barat 16720",0.0028
45,Hermina Ciledug,https://herminahospitals.com/id/branch/hermina-ciledug,JAWA BARAT,"Jl. Cipto Mangunkusumo No. 3, Ciledug, RT.003/RW.004, Sudimara Timur, Kota Tangerang, Banten 15151",-6.230316,106.7215324,,"Diawal tahun 2021  pada bulan januari. Rumah Sakit Hermina kembali membuka anggota baru di wilayah Banten, tepatnya di kota Tangerang sebagai Anggota RS Hermina yang ke-41. Memberikan palayanan kesehatan untuk pasien ibu, anak, laki-laki, wanita dan umum.",RS Hermina Ciledug,0x2e69fbbafa4f99db:0x5b6765e8a56a42ae,ChIJ25lP-rr7aS4RrkJqpehlZ1s,6586345029934662318,-6.2303041,106.72151199999999,4,Rumah Sakit,"RS Hermina Ciledug, Jl. Cipto Mangunkusumo Gg. H. Mencong No. 3, Ciledug, RT.003/RW.004, East Sudimara, Tangerang, Tangerang City, Banten 15151",https://www.google.com/maps/search/?api=1&query=RS+Hermina+Ciledug&query_place_id=ChIJ25lP-rr7aS4RrkJqpehlZ1s,"Hermina Ciledug Jl. Cipto Mangunkusumo No. 3, Ciledug, RT.003/RW.004, Sudimara Timur, Kota Tangerang, Banten 15151",0.0026
43,Hermina Cilegon,hermina-cilegon,BANTEN,Kawasan PT. Bonauli Real Estate Jl. Terusan Bonakarta RT. 01 RW 01 Kel. Masigit Kec. Jombang Kota Cilegon,-6.011869276283761,106.04940787116465,,"Pengantar
RS Hermina Cilegon berdiri pada tahun 2021 berlokasi di daerah Terusan Bonakarta, Kecamatan Jombang, Kota Cilegon. Rumah sakit ini menyediakan layanan unggulan klinik tumbuh kembang (KTK), perinatologi, ICU/NICU/PICU dan gigi spesialistik. Dengan layanan berkualitas dan profesional menjadikan rumah sakit ini menjadi pilihan ibu dan anak bagi masyarakat sekitar di daerah Cilegon. Rumah sakit ini juga didukung dengan 100 tempat tidur.

Pelayanan Unggulan
Klinik Tumbuh Kembang (KTK)
Perinatologi
ICU/NICU/PICU
Gigi Spesialistik

Hubungi Kami
Hermina Cilegon
Jl. Nn No.65, RT.3/RW.3, Masigit, Kec. Jombang, Kota Cilegon, Banten 42414
Telepone (0254) 7812525
Call Center 1500 488
Email marketing.cilegon@herminahospitals.com
IG @rsuherminacilegon",Rumah Sakit Hermina Cilegon,0x2e418f6dd1c5e29b:0x8fe5e24ee1242a88,ChIJm-LF0W2PQS4RiCok4U7i5Y8,10368942545503005320,-6.011947,106.0494188,4.2,Rumah Sakit,"Rumah Sakit Hermina Cilegon, Jl. Nn No.65, RT.03/RW.03, Masigit, Kec. Jombang, Kota Cilegon, Banten 42414",https://www.google.com/maps/search/?api=1&query=Rumah+Sakit+Hermina+Cilegon&query_place_id=ChIJm-LF0W2PQS4RiCok4U7i5Y8,Hermina Cilegon Kawasan PT. Bonauli Real Estate Jl. Terusan Bonakarta RT. 01 RW 01 Kel. Masigit Kec. Jombang Kota Cilegon,0.0087
16,Hermina Ciputat,Ciputat,BANTEN,"Hermina Ciputat Hospital, Cireundeu, South Tangerang City, Banten, Indonesia",-6.3067915,106.7595265,,"Dibangun pada tahun 2011 dengan 6 lantai, RS Hermina Ciputat menyediakan sebuah klinik perawatan mata dengan dukungan dokter medis atau osteopati yang mengkhususkan diri dalam perawatan mata dan penglihatan. Rumah sakit ini juga dikenal dengan pelayanannya yang bersih dan ramah, serta ketersediaan dokter anak. Perawat dan staf pendukung lainnya juga sopan dan sangat membantu. Fasilitas yang disediakan di rumah sakit ini adalah Fetomaternal, Hemodialisis, CDI dengan C-Arm, Bedah Vaskuler, KTK dan Sperm Washing.

",Rumah Sakit Hermina Ciputat,0x2e69ef023a54c1e5:0x1a72a5359e3a2e7c,ChIJ5cFUOgLvaS4RfC46njWlcho,1905767242037603964,-6.3068766,106.759447,4.2,Rumah Sakit,"Rumah Sakit Hermina Ciputat, Jl. Kertamukti No.2, Ciputat, Kec. Ciputat Tim., Kota Tangerang Selatan, Banten 15419",https://www.google.com/maps/search/?api=1&query=Rumah+Sakit+Hermina+Ciputat&query_place_id=ChIJ5cFUOgLvaS4RfC46njWlcho,"Hermina Ciputat Hermina Ciputat Hospital, Cireundeu, South Tangerang City, Banten, Indonesia",0.0129
21,Hermina Ciruas,Ciruas,BANTEN,"Hermina Ciruas Hospital, Jalan Raya Serang - Jakarta Kampung, Ranjeng, Serang, Banten, Indonesia",-6.124882,106.2306647,,"Terletak di jalan nasional Serang-Jakarta, RS Hermina Ciruas mulai beroperasi pada tahun 2014. RS Hermina saat ini memiliki 2 Gedung, yang terbagi menjadi gedung 1 dan gedung 2. Gedung 1 terdiri dari 7 lantai dan Gedung 2 terdiri dari 3 Lantai dengan total 265 tempat tidur dan fasilitas unggulan One Stop Service sebagai Perawatan Eksekutif , Stroke Center, NICU, Hemodialisis dan Klinik Tumbuh Kembang.  ",Rumah Sakit Hermina Ciruas,0x2e41f5c7bf364b23:0xe94014c5590b67dc,ChIJI0s2v8f1QS4R3GcLWcUUQOk,16807456647181723612,-6.124731,106.23075449999999,4.6,Rumah Sakit,"Rumah Sakit Hermina Ciruas, Jl. Raya Serang - Jkt No.9, Ranjeng, Kec. Ciruas, Kabupaten Serang, Banten 42182",https://www.google.com/maps/search/?api=1&query=Rumah+Sakit+Hermina+Ciruas&query_place_id=ChIJI0s2v8f1QS4R3GcLWcUUQOk,"Hermina Ciruas Hermina Ciruas Hospital, Jalan Raya Serang - Jakarta Kampung, Ranjeng, Serang, Banten, Indonesia",0.0195
5,Hermina Daan Mogot,Daan Mogot,DKI JAKARTA,"Jl. Kintamani Raya No.2, RT.1/RW.12, Kalideres, Kec. Kalideres, Kota Jakarta Barat, Daerah Khusus Ibukota Jakarta 11840",-6.152921751862705,106.71254602772905,,"RS Hermina Daan Mogot memiliki produk pilihan berupa layanan Uroflowmetry yang mampu mendiagnosis pasien untuk menentukan seberapa baik fungsi saluran kemih. Didirikan pada tahun 2002, rumah sakit ini juga menawarkan beberapa program terkait dengan kehamilan, dari kelas prenatal hingga kelas pijat bayi, didukung fasilitas lain, seperti Laser Mata dan Endoskopi.",Hermina Hospital Daan Mogot,0x2e69f81a76d7d8a3:0x2632007eb29b1535,ChIJo9jXdhr4aS4RNRWbsn4AMiY,2752262866439181621,-6.1529478,106.7123001,4.3,Rumah Sakit,"Hermina Hospital Daan Mogot, Jl. Kintamani Raya No.2, RT.1/RW.12, Kalideres, Kec. Kalideres, Kota Jakarta Barat, Daerah Khusus Ibukota Jakarta 11840",https://www.google.com/maps/search/?api=1&query=Hermina+Hospital+Daan+Mogot&query_place_id=ChIJo9jXdhr4aS4RNRWbsn4AMiY,"Hermina Daan Mogot Jl. Kintamani Raya No.2, RT.1/RW.12, Kalideres, Kec. Kalideres, Kota Jakarta Barat, Daerah Khusus Ibukota Jakarta 11840",0.0273
4,Hermina Depok,Depok,JAWA BARAT,"Hermina Depok Hospital, Jalan Siliwangi Raya, Depok, Depok City, West Java, Indonesia",-6.399785500000001,106.8251903,,"RSU Hermina Depok – yang berdiri tahun 2000 – menjadi rumah sakit pilihan bagi warga Depok dalam hal masalah kesehatan. Ini karena Rumah Sakit memiliki layanan unggulan Pelayanan Jantung Terpadu dan Cerebrovaskular . Tersedia 180 tempat tidur dan didukung dengan fasilitas Hemodialisis, Thalassemia, Kemoterapi, dan Cath Lab.",RSU Hermina Depok,0x2e69ebe73955c329:0x4f2bdf277a20025e,ChIJKcNVOefraS4RXgIgeiffK08,5704898713640501854,-6.3994449,106.8253027,4.3,Rumah Sakit Umum,"RSU Hermina Depok, Jl. Siliwangi No.50, Depok, Kec. Pancoran Mas, Kota Depok, Jawa Barat 16436",https://www.google.com/maps/search/?api=1&query=RSU+Hermina+Depok&query_place_id=ChIJKcNVOefraS4RXgIgeiffK08,"Hermina Depok Hermina Depok Hospital, Jalan Siliwangi Raya, Depok, Depok City, West Java, Indonesia",0.0399
12,Hermina Grand Wisata,Grand Wisata,JAWA BARAT,"Hermina Grand Wisata Hospital, Lambangsari, Bekasi, West Java, Indonesia",-6.2765728,107.0475854,,"Rumah Sakit Hermina Grand Wisata yang berlokasi di Bekasi Tambun Selatan. Rumah sakit ini memberikan pelayanan kesehatan seperti fasilitas ESWL, ESWT, KTK, Gigi Spesialistik, Bobath, Neurorehab, Kemoterapi, PICU, NICU dan ICU.",Rumah Sakit Hermina Grand Wisata,0x2e698e31f87fd191:0x937cb4ec2bcbeef2,ChIJkdF_-DGOaS4R8u7LK-y0fJM,10627568147127594738,-6.2767206,107.0475187,4.6,Rumah Sakit,"Rumah Sakit Hermina Grand Wisata, Jl. West Gateway Blvd No.1 Blok JA 1, Lambangsari, Kec. Tambun Sel., Kabupaten Bekasi, Jawa Barat 17510",https://www.google.com/maps/search/?api=1&query=Rumah+Sakit+Hermina+Grand+Wisata&query_place_id=ChIJkdF_-DGOaS4R8u7LK-y0fJM,"Hermina Grand Wisata Hermina Grand Wisata Hospital, Lambangsari, Bekasi, West Java, Indonesia",0.018
1,Hermina Jatinegara,Jatinegara,DKI JAKARTA,"Hermina Jatinegara Hospital, Jl. Raya Jatinegara Barat, RT.7/RW.1, Bidara Cina, East Jakarta City, Jakarta, Indonesia",-6.2203579,106.8642864,,"Dibangun sebagai rumah sakit Hermina pertama pada tahun 1991, RS Hermina Jatinegara sekarang telah menawarkan layanan premium untuk pasien dengan produk-produk Obgyn, Pusat Pediatrik, Fetomaternal, Fertilitas dan Onkologi Wanita. Dengan layanan tersebut, pasien bisa mendapatkan perawatan yang lebih komprehensif dalam mendeteksi dini tumor, kanker, atau kelainan lainnya.",Rumah Sakit Hermina Jatinegara,0x2e69f381fe05c171:0x3ec158f5116d7d17,ChIJccEF_oHzaS4RF31tEfVYwT4,4521993310439308567,-6.220675,106.864987,4.3,Rumah Sakit Swasta|Rumah Sakit,"Rumah Sakit Hermina Jatinegara, Jl. Jatinegara Bar. No.126, RT.10/RW.1, Kp. Melayu, Kecamatan Jatinegara, Kota Jakarta Timur, Daerah Khusus Ibukota Jakarta 13320",https://www.google.com/maps/search/?api=1&query=Rumah+Sakit+Hermina+Jatinegara&query_place_id=ChIJccEF_oHzaS4RF31tEfVYwT4,"Hermina Jatinegara Hermina Jatinegara Hospital, Jl. Raya Jatinegara Barat, RT.7/RW.1, Bidara Cina, East Jakarta City, Jakarta, Indonesia",0.0851
32,Hermina Karawang,Hermina Karawang,JAWA BARAT,"RS Hermina Karawang, Jl. Tuparev 386A, Sukasari, Kec. Karawang Timur, Kab. Karawang, Jawa Barat",-6.3083101,107.3126232,,Rumah Sakit Hermina Karawang merupakan Rumah Sakit Hermina yang ke 37 yang berdiri sejak bulan Maret 2020. Mengutamakan Mutu Pelayanan dan Keselamatan Pasien merupakan Moto kami.,Rumah Sakit Hermina Karawang,0x2e6977bde0af54d3:0x9f3213f911127790,ChIJ01Sv4L13aS4RkHcSEfkTMp8,11471253161320282000,-6.308296299999999,107.3125829,4.4,Rumah Sakit Swasta|Rumah Sakit Umum,"Rumah Sakit Hermina Karawang, Jalan Tuparev, Blok Gg. Sukasari No.386A, RT.2/RW.4, Karawang Wetan, Kec. Karawang Tim., Karawang, Jawa Barat 41314",https://www.google.com/maps/search/?api=1&query=Rumah+Sakit+Hermina+Karawang&query_place_id=ChIJ01Sv4L13aS4RkHcSEfkTMp8,"Hermina Karawang RS Hermina Karawang, Jl. Tuparev 386A, Sukasari, Kec. Karawang Timur, Kab. Karawang, Jawa Barat",0.0047
2,Hermina Kemayoran,Kemayoran,DKI JAKARTA,"HERMINA HOSPITALS, Jalan Selangit B10 kav4, RW.10, South Gunung Sahari, Kemayoran, Central Jakarta City, Jakarta, Indonesia",-6.1539794,106.8458819,,"Berdiri tahun 1996, RS Hermina Kemayoran berlokasi strategis di kawasan bisnis Kemayoran, Jakarta Pusat. Rumah sakit ini menyediakan layanan bersalin, pediatrik dan kardiologi. Dengan layanan bersalin yang yang personal dan berkualitas, rumah sakit ini telah menjadi pilihan perawatan ibu dan anak bagi masyarakat sekitar di daerah Jakarta Pusat. Rumah sakit ini juga didukung dengan 220 tempat tidur, dengan produk Hemodialisa dan Cath Lab.",RSU Hermina Kemayoran,0x2e69f54442ba7b95:0x49941a6d7bde08ee,ChIJlXu6QkT1aS4R7gjee20alEk,5301891718853822702,-6.1545808,106.8458593,4.5,Rumah Sakit Umum|Dokter Kandungan|Rumah Sakit|Klinik Kesehatan Perempuan,"RSU Hermina Kemayoran, Jl. Selangit Kav. 4, RW.10, Gn. Sahari Sel., Kec. Kemayoran, Kota Jakarta Pusat, Daerah Khusus Ibukota Jakarta 10620",https://www.google.com/maps/search/?api=1&query=RSU+Hermina+Kemayoran&query_place_id=ChIJlXu6QkT1aS4R7gjee20alEk,"Hermina Kemayoran HERMINA HOSPITALS, Jalan Selangit B10 kav4, RW.10, South Gunung Sahari, Kemayoran, Central Jakarta City, Jakarta, Indonesia",0.0669
38,Hermina Kendari,kendari,SULAWESI TENGGARA,"Hermina Kendari Hospital, Jalan DI Panjaitan, RT.06/RW.03, Wundudopi, Kota Kendari, Sulawesi Tenggara, Indonesia",-4.018496,122.5003203,,"Rumah Sakit Hermina Kendari diresmikan pada tanggal 22 Januari 2020 berlantai 4 dengan kapasitas 100 tempat tidur.  Rsu Hermina Kendari melayani rawat jalan instalasi darurat 24 jam. Selain itu RSU Hermina Kendari mempunyai 16 poli yang terdiri dari berbagai dokter spesialis profesional. 

Pelayanan rawat inap di RSU Hermina Kendari terdiri dari ruang Deluxe, ruang kelas 1, kelas 2, dan kelas 3.  Untuk pelayanan unggulan RSU Hermina Kendari mempunyai PERINA, NICU, PICU



Fasilitas
PMO (Persona Maternity Officer)
Senam Hamil
Gigi Spesialistik
Spesialis Bedah Plastik & Rekonstruksi Estetika
PICU (Unit Perawatan Intensif Anak)
Sub Spesilalis Bedah Onkologi
Sub Spesialis Bedah Digestif
Spesialis Urologi
Spesilalis Rehabilitasi Medik
Spesialis Neurologi
Spesialis Ortopedi
ICU/NICU (Unit Perawatan Intensif/ Unit Perawatan Intensif Neonatal)
Perina",Rumah Sakit Hermina Kendari,0x2d988d5baf9708ad:0xf7bb6d166a70f814,ChIJrQiXr1uNmC0RFPhwahZtu_c,17850981491055589396,-4.018496,122.5003203,4.4,Rumah Sakit Umum|Dokter,"Rumah Sakit Hermina Kendari, Jl. DI Panjaitan, RT.06/RW.03, Wundudopi, Kec. Baruga, Kota Kendari, Sulawesi Tenggara 93117",https://www.google.com/maps/search/?api=1&query=Rumah+Sakit+Hermina+Kendari&query_place_id=ChIJrQiXr1uNmC0RFPhwahZtu_c,"Hermina Kendari Hermina Kendari Hospital, Jalan DI Panjaitan, RT.06/RW.03, Wundudopi, Kota Kendari, Sulawesi Tenggara, Indonesia",0.0
35,Hermina Lampung,Lampung,LAMPUNG,"Jl. Tulang Bawang No.21-23, Enggal, Engal, Kota Bandar Lampung, Lampung 35213, Indonesia Telp (0721) 242525 (0721) 240488",-5.417827099999998,105.2603551,,"RS Hermina Lampung 
Rumah Sakit Hermina Lampung adalah Rumah Sakit Umum Type C yang merupakan anggota ke 32 Group Hermina Hospitals. RS Hermina Lampung Memiliki kapasitas 100 Tempat Tidur 
1. Suite Room
2. Executiv 
3. Deluxe
4. Kelas 1
5. Kelas 2
6. Kelas 3

Fasilitas
IGD 24 Jam 
Ekkardiografi
Operasi Katarak
Screening Jantung
Foto Panoramik Gigi
Kebidanan dan Kandungan SubSpesialistik
KTK (Klinik Tumbuh Kembang)
Gigi Spesialistik
PICU (Unit Perawatan Intensif Anak)
ICU/NICU (Unit Perawatan Intensif/Unit Perawatan Intensif Neonatal)
Perina",Hermina Hospital Lampung,0x2e40dbd1d05a628d:0xc4381451b73fa417,ChIJjWJa0NHbQC4RF6Q_t1EUOMQ,14139073371328979991,-5.4177028,105.2608453,4.1,Rumah Sakit,"Hermina Hospital Lampung, Jl. Tulang Bawang No.21-23, Enggal, Engal, Kota Bandar Lampung, Lampung 35213",https://www.google.com/maps/search/?api=1&query=Hermina+Hospital+Lampung&query_place_id=ChIJjWJa0NHbQC4RF6Q_t1EUOMQ,"Hermina Lampung Jl. Tulang Bawang No.21-23, Enggal, Engal, Kota Bandar Lampung, Lampung 35213, Indonesia Telp (0721) 242525 (0721) 240488",0.056
56,Hermina Madiun,Hermina Madiun,JAWA TIMUR,"Manguharjo, Kec. Manguharjo, Kota Madiun, Jawa Timur ",-7.6194152,111.5026286,,"Rumah Sakit Hermina Madiun  adalah rumah sakit anggota ke - 49 dari Rumah Sakit  Hermina Group, Rumah Sakit Tipe C dengan Kepemilikan PT. Medikaloka Malang dan Jumlah Tempat Tidur 100 Tempat Tidur  dengan tenaga medis yang kompeten dan memiliki fasilitas penunjang medik yang lengkap. Pelayanan Unggulan RS Hermina Madiun adalah: Pelayanan Gawat Darurat, Perinatologi, Klinik Tumbuh kembang, dan Trauma Center",RS Hermina Madiun,0x2e79bfbd6a28986d:0x8ead4bdb50788705,ChIJbZgoar2_eS4RBYd4UNtLrY4,10280956929676707589,-7.619387,111.50261619999999,4.7,Rumah Sakit,"RS Hermina Madiun, Jl. Sido Makmur Jl. Ring Road Barat, Manguharjo, Kec. Manguharjo, Kota Madiun, Jawa Timur 63127",https://www.google.com/maps/search/?api=1&query=RS+Hermina+Madiun&query_place_id=ChIJbZgoar2_eS4RBYd4UNtLrY4,"Hermina Madiun Manguharjo, Kec. Manguharjo, Kota Madiun, Jawa Timur",0.0034
24,Hermina Makassar,Makassar,SULAWESI SELATAN,"Hermina Makassar Hospital, Jalan Toddopuli Raya Timur, Borong, Makassar City, South Sulawesi, Indonesia",-5.162662300000001,119.4574846,,Terletak di area Borong RS Hermina Makassar mulai beroperasi pada tahun 2016 di gedung berlantai 5 dengan 105 tempat tidur yang didukung dengan fasilitas KTK.,RS Hermina Makassar,0x2dbee2e6bbd6ca03:0x91e4ad5093ca55d4,ChIJA8rWu-bivi0R1FXKk1Ct5JE,10512717991778080212,-5.1627496,119.45753739999999,4.3,Rumah Sakit,"RS Hermina Makassar, Jl. Toddopuli Raya Timur No.7, Borong, Kec. Manggala, Kota Makassar, Sulawesi Selatan 90231",https://www.google.com/maps/search/?api=1&query=RS+Hermina+Makassar&query_place_id=ChIJA8rWu-bivi0R1FXKk1Ct5JE,"Hermina Makassar Hermina Makassar Hospital, Jalan Toddopuli Raya Timur, Borong, Makassar City, South Sulawesi, Indonesia",0.0113
37,Hermina Manado,Manado,SULAWESI UTARA,"Jl. Ringroad II, Lingkungan I, Kelurahan Paniki Bawah, Kecamatan Mapanget, Kota Manado, Provinsi Sulawesi Utara, Indonesia",1.5067333,124.8900033,,"RS Hermina Manado adalah rumah sakit cabang yang ke 38 dari PT Medika Loka Hermina Tbk yang berlokasi di Jln Ring Road 2 Lingk. 1 Kel. Paniki Bawah Kec. Mapanget -Manado. RS Hermina Manado diresmikan pada tanggal 25 Juli 2020 dengan fasilitas dan pelayanan umum yang memiliki keunggulan pada ibu dan anak. Suatu tantangan tersendiri ketika beroperasional pada saat pandemi covid-19 masih menjadi momok yang menakutkan ketika kita harus beraktifitas diluar rumah ataupun berkunjung di tempat keramaian. Tidak terkecuali rumah sakit sebagai salah satu pusat pelayanan kesehatan masyarakat secara signifikan mengalami presentasi penurunan pengunjung. Dalam situasi ini,  RS Hermina Manado dengan fasilitas dan pelayanan kesehatan yang ada dan ditunjang oleh tenaga dokter yang kompeten dibidangnya berupaya memberikan kepuasan sekaligus memberikan rasa nyaman bagi pasien, keluarga [pengunjung]. Protokol kesehatan pencegahan penyebaran covid-19 selalu diterapkan. RS Hermina Manado mengutamakan mutu dalam pelayanan dan mendedikasikan sebagai rumah sakit aman.",RS Hermina Manado,0x32870bde32480e53:0x331d7fcd51868282,ChIJUw5IMt4LhzIRgoKGUc1_HTM,3683240590071726722,1.4975589999999999,124.90208319999999,4.5,Klinik Medis,"RS Hermina Manado, Jl. Ring Road Manado II, Lingkungan I, Paniki Bawah, Kec. Mapanget, Kota Manado, Sulawesi Utara",https://www.google.com/maps/search/?api=1&query=RS+Hermina+Manado&query_place_id=ChIJUw5IMt4LhzIRgoKGUc1_HTM,"Hermina Manado Jl. Ringroad II, Lingkungan I, Kelurahan Paniki Bawah, Kecamatan Mapanget, Kota Manado, Provinsi Sulawesi Utara, Indonesia",1.6863
26,Hermina Medan,Medan,SUMATERA UTARA,"Hermina Medan Hospital, Jalan Asrama, Sei Sikambing C. II, Medan City, North Sumatra, Indonesia",3.5956205,98.6278631,,"Berada di area Sei Sikambing yang sedang berkembang, RSU Hermina Medan mulai beroperasi pada 2017 dengan 5 lantai dan 50 tempat tidur, serta layanan Poli Gigi dan KTK.",Rumah Sakit Hermina Medan,0x30312e44baaa2cf3:0x452549dac0d426df,ChIJ8yyqukQuMTAR3ybUwNpJJUU,4982469766642149087,3.5952607999999997,98.6279194,4.4,Rumah Sakit|Kardiolog|Dermatolog|Dokter Kandungan|Internis|Dokter Syaraf|Dokter Anak|Pulmonologis|Ahli Bedah,"Rumah Sakit Hermina Medan, Jl. Asrama, Sei Sikambing C. II, Kec. Medan Helvetia, Kota Medan, Sumatera Utara 20123",https://www.google.com/maps/search/?api=1&query=Rumah+Sakit+Hermina+Medan&query_place_id=ChIJ8yyqukQuMTAR3ybUwNpJJUU,"Hermina Medan Hermina Medan Hospital, Jalan Asrama, Sei Sikambing C. II, Medan City, North Sumatra, Indonesia",0.0405
17,Hermina Mekarsari,Mekarsari,JAWA BARAT,"Hermina Hospital Mekarsari, Cileungsi Kidul, Bogor, West Java, Indonesia",-6.4061043,106.9767547,,"RS Hermina Mekarsari dibangun pada tahun 2013 berlantai 6  dan pada tahun 2025 dibangun gedung 2 berlantai 8 dengan kapasitas menjadi  200 tempat tidur. Rumah sakit ini menyediakan layanan Obstetri, Ginekologi dan Pediatri, Penyakit lain-lain dengan produk unggulan Gigi Spesialistik, Klinik Tumbubh Kembang, Perina, NICU, PICU, ICU, Unit Gawat Darurat 24 Jam",RS Hermina Mekarsari,0x2e699445fca1434f:0x6628eb69db056e00,ChIJT0Oh_EWUaS4RAG4F22nrKGY,7361392430815735296,-6.4054984,106.9767395,4.2,Rumah Sakit,"RS Hermina Mekarsari, Jl. Raya Cileungsi - Jonggol No.1, Cileungsi Kidul, Kec. Cileungsi, Kabupaten Bogor, Jawa Barat 16820",https://www.google.com/maps/search/?api=1&query=RS+Hermina+Mekarsari&query_place_id=ChIJT0Oh_EWUaS4RAG4F22nrKGY,"Hermina Mekarsari Hermina Hospital Mekarsari, Cileungsi Kidul, Bogor, West Java, Indonesia",0.0674
46,Hermina Metland Cibitung,https://herminahospitals.com/id/branch/hermina-metland-cibitung,JAWA BARAT,"Perumahan Metland Cibitung, Desa Telaga Murni Kec. Cikarang Barat Kab.Bekasi",-6.253930772547774,107.11505941349321,,"RS Hermina Metland Cibitung berdiri diatas luas lahan 14.472m2 dengan luas bangunan 6.496m2, RS Hermina Metland Cibitung yang merupakan anggota Hermina Hospitals ke-42, merupakan salah satu Rumah Sakit Umum terbesar di wilayah Kabupaten Bekasi yang memiliki berbagai layanan serta fasilitas unggulan terbaik sesuai standar RS Hermina. Dengan bangunan 4 lantai serta 100 Tempat Tidur dan ditambah adanya fasilitas Poliklinik Eksekutif akan membuat pasien yang berkunjung ke RS Hermina Metlan Cibitung merasa nyaman.",Rumah Sakit Hermina Metland Cibitung,0x2e699bdde35ba0a1:0xba080b9b9ab8c6fe,ChIJoaBb492baS4R_sa4mpsLCLo,13404977053811918590,-6.2539681,107.1150916,4.6,Rumah Sakit,"Rumah Sakit Hermina Metland Cibitung, Perumahan Metland Cibitung, Jl. Metland Cibitung, Telagamurni, Kec. Cikarang Bar., Kabupaten Bekasi, Jawa Barat 17530",https://www.google.com/maps/search/?api=1&query=Rumah+Sakit+Hermina+Metland+Cibitung&query_place_id=ChIJoaBb492baS4R_sa4mpsLCLo,"Hermina Metland Cibitung Perumahan Metland Cibitung, Desa Telaga Murni Kec. Cikarang Barat Kab.Bekasi",0.0055
44,Hermina Mutiara Bunda Salatiga,RSIA Hermina Mutiara Bunda Salatiga,JAWA TENGAH,"Jl. Merak No.8, Mangunsari, Sidomukti, Kota Salatiga, Jawa Tengah 50721, Indonesia",-7.3307779,110.4946576,,"Dipenghujung tahun 2020,  pada tanggal 29 Desember. Rumah Sakit Hermina kembali membuka anggota baru di wilayah Jawa Tengah, tepatnya di kota Salatiga sebagai Anggota RS Hermina yang ke-40. Terletak di JL. Merak no. 8 Sidomukti, Kel. Mangunsari, Kec. Sidomukti, Kota Salatiga bernama RS Ibu dan Anak Mutiara Bunda Salatiga memiliki 36 Tempat Tidur, berfokus pada pelayanan Ibu dan Anak, memiliki 4 Dokter Spesilais Kebidanan & Kandungan, 3 Dokter Spesialis Anak, 3 Dokter Spesialis Penyakit Dalam, 1 Dokter Spesialis THT, 2 Dokter Spesialis Saraf, 1 Dokter Spesialis Gizi Klinik , 2 Dokter Spesialis Bedah Umum dan Psikologi. Memiliki fasilitas pendukung seperti Rawat Inap, Rawat Jalan, IGD, Farmasi, Laboratorium,  Perina, Poli Obsgyn, Poli Anak, Poli Psikologi,Poli Penyakit dalam, Poli THT, Poli Gizi klinik, Poli Saraf, Poli Bedah Umum dan Fisioterapi .
Jam Kunjungan Ditiadakan selama Pandemi Covid-19",RSIA Hermina Mutiara Bunda Salatiga,0x2e7a784852f19c2b:0x5cbec276d9f15045,ChIJK5zxUkh4ei4RRVDx2XbCvlw,6682992712782794821,-7.330802899999999,110.49537009999999,4.8,Rumah Sakit Bersalin|Rumah Sakit Anak|Rumah Sakit,"RSIA Hermina Mutiara Bunda Salatiga, Jl. Merak No.8, Mangunsari, Kec. Sidomukti, Kota Salatiga, Jawa Tengah 50721",https://www.google.com/maps/search/?api=1&query=RSIA+Hermina+Mutiara+Bunda+Salatiga&query_place_id=ChIJK5zxUkh4ei4RRVDx2XbCvlw,"Hermina Mutiara Bunda Salatiga Jl. Merak No.8, Mangunsari, Sidomukti, Kota Salatiga, Jawa Tengah 50721, Indonesia",0.0786
57,Hermina Nusantara,Hermina Nusantara,KALIMANTAN TIMUR,Kalimantan timur ,-0.9716721,116.7132572,,,RS Hermina Nusantara,0x2df6c9006fd8c59f:0x8b8d5e7cad2316c2,ChIJn8XYbwDJ9i0RwhYjrXxejYs,10055797432561899202,-0.9710285,116.7131606,4.7,Rumah Sakit,"RS Hermina Nusantara, Kawasan Inti Pusat Pemerintahan, Bumi Harapan, Kec. Sepaku, Kabupaten Penajam Paser Utara, Kalimantan Timur 76147",https://www.google.com/maps/search/?api=1&query=RS+Hermina+Nusantara&query_place_id=ChIJn8XYbwDJ9i0RwhYjrXxejYs,Hermina Nusantara Kalimantan timur,0.0724
29,Hermina OPI Jakabaring,OPI Jakabaring,SUMATERA SELATAN,"Jl. Gub. H.A Bastari RT. 010 RW. 005 Kel. Jakabaring Selatan Kec. Rambutan, Kab. Banyuasin, Sumatera Selatan, Indonesia",-3.0336135,104.7912981,,"Rumah sakit Hermina baru dibuka lagi di Sumatera Selatan, tepatnya di kota Opi Jakabaring, pada tahun 2018. Dibangun dengan 6 lantai dan berkapasitas 200 tempat tidur.",RS Hermina OPI Jakabaring,0x2e3b9c532e60fedb:0x795c22b909767420,ChIJ2_5gLlOcOy4RIHR2CbkiXHk,8744902754569712672,-3.0338819,104.79099389999999,4.4,Rumah Sakit|Dokter,"RS Hermina OPI Jakabaring, Jl. Gubernur H. A Bastari, RT.010/RW.005, Kelurahan Jakabaring Selatan, Kec. Rambutan, Kab. Banyuasin, Sumatera Selatan 30257",https://www.google.com/maps/search/?api=1&query=RS+Hermina+OPI+Jakabaring&query_place_id=ChIJ2_5gLlOcOy4RIHR2CbkiXHk,"Hermina OPI Jakabaring Jl. Gub. H.A Bastari RT. 010 RW. 005 Kel. Jakabaring Selatan Kec. Rambutan, Kab. Banyuasin, Sumatera Selatan, Indonesia",0.0451
31,Hermina Padang,Padang,SUMATERA BARAT,"RS Hermina Padang, Jalan Khatib Sulaiman, Lolong Belanti, Padang City, West Sumatra, Indonesia",-0.9177899,100.3604524,,"Berdiri pada tahun 2018, RS Hermina Padang berlokasi strategis di pusat Kota Padang . Rumah Sakit ini merupakan rumah sakit umum dengan layanan unggulan  Ibu dan Anak  (persalianan dan  klinik tumbuh kembang) , Trauma Center IGD 24 JAM, Hemodialisis, Layanan Kemoterapi dan Layanan Code Stroke yang didukung dengan 141 tempat tidur.",Rumah Sakit Hermina Padang,0x2fd4b8cf8e82b7ef:0x2e5878e6175093d5,ChIJ77eCjs-41C8R1ZNQF-Z4WC4,3339552053324190677,-0.9176751,100.36052989999999,4.3,Rumah Sakit|Dokter,"Rumah Sakit Hermina Padang, Jl. Khatib Sulaiman, Lolong Belanti, Kec. Padang Utara, Kota Padang, Sumatera Barat 25173",https://www.google.com/maps/search/?api=1&query=Rumah+Sakit+Hermina+Padang&query_place_id=ChIJ77eCjs-41C8R1ZNQF-Z4WC4,"Hermina Padang RS Hermina Padang, Jalan Khatib Sulaiman, Lolong Belanti, Padang City, West Sumatra, Indonesia",0.0154
15,Hermina Palembang,Palembang,SUMATERA SELATAN,"Hermina Palembang Hospital, Jalan Jendral Basuki Rachmat, Pahlawan, Palembang City, South Sumatra, Indonesia",-2.955308800000001,104.7483291,,"RS Hermina Palembang dibangun pada tahun 2011, yang menyediakan layanan khusus obgyn, pediatrik dan perawatan kecantikan. Rumah sakit ini memiliki 150 tempat tidur, termasuk fasilitas ICU, PICU, NICU, Hemodialisis, Kemoterapi, Bobath, dan Sperm Washing.",Rumah Sakit Hermina Palembang,0x2e3b742b613938d1:0xb92e89a530a4ff05,ChIJ0Tg5YSt0Oy4RBf-kMKWJLrk,13343754088524087045,-2.9558049,104.7483075,4.3,Rumah Sakit|Dokter Gigi,"Rumah Sakit Hermina Palembang, Jl. Jend. Basuki Rachmat No.897, Pahlawan, Kec. Kemuning, Kota Palembang, Sumatera Selatan 30127",https://www.google.com/maps/search/?api=1&query=Rumah+Sakit+Hermina+Palembang&query_place_id=ChIJ0Tg5YSt0Oy4RBf-kMKWJLrk,"Hermina Palembang Hermina Palembang Hospital, Jalan Jendral Basuki Rachmat, Pahlawan, Palembang City, South Sumatra, Indonesia",0.0552
8,Hermina Pandanaran,Pandanaran,JAWA TENGAH,"Hermina Pandanaran Hospital, Jalan Pandanaran, Pekunden, Semarang City, Central Java, Indonesia",-6.985675,110.4126031,,"RS Hermina Pandanaran Berdiri pada Tahun 2005 sebagai RSIA, Tahun 2009 berkembang menjadi Rumah Sakit Umum yang berlokasi strategis di tengah kota Semarang.  Terletak di salah satu jalan paling strategis di Kota Semarang, rumah sakit ini menjadi pilihan keluarga setempat sejak pendiriannya pada tahun 2005. Rumah sakit berkapasitas 150 tempat tidur. RSU Hermina Pandanaran memiliki Klinik Infertilitas yang telah didukung dengan pelayanan dokter ahli di bidangnya (Dokter spesialis kandungan konsultas fertilitas dan Dokter spesialis Andrologi), sehingga dapat membantu pasangan suami istri memiliki keturunan dengan memberikan pelayanan teknologi reproduksi terkini.",Rumah Sakit Umum Hermina Pandanaran,0x2e708b4f8a59392f:0xb152356ce5b811ce,ChIJLzlZik-LcC4RzhG45Ww1UrE,12777333834630304206,-6.9858560999999995,110.412656,4.2,Rumah Sakit,"Rumah Sakit Umum Hermina Pandanaran, Jl. Pandanaran No.24, Pekunden, Kec. Semarang Tengah, Kota Semarang, Jawa Tengah 50134",https://www.google.com/maps/search/?api=1&query=Rumah+Sakit+Umum+Hermina+Pandanaran&query_place_id=ChIJLzlZik-LcC4RzhG45Ww1UrE,"Hermina Pandanaran Hermina Pandanaran Hospital, Jalan Pandanaran, Pekunden, Semarang City, Central Java, Indonesia",0.021
7,Hermina Pasteur,Pasteur,JAWA BARAT,"Hermina Pasteur Hospital, Jalan Doktor Djunjunan, Pasteur, Bandung City, West Java, Indonesia",-6.895915,107.5888756,,"Pada tahun 2004, RS Hermina Pasteur memulai beroperasi. Rumah sakit ini menawarkan produk yang unik, Terapi Bobath, sebagai konsep penanganan pasien dengan disfungsi motorik, sensorik, persepsi dan kognitif karena kelainan sistem saraf pusat. Bayi dan anak-anak dengan sejarah infeksi atau pendarahan berulang dalam kehamilan dapat mengalami masalah tersebut. Layanan lain di RS Hermina Pasteur adalah perawatan untuk mengurangi spastisitas (kekakuan otot) akibat penyakit lain, dan layanan ortotik anak. Juga tersedia fasilitas lainnya, seperti Fetomaternal, Kemoterapi, KTK, Bobath, dan Klinik Geriatri.",Rumah Sakit Umum Hermina Pasteur,0x2e68e665dbe8d277:0x6d9193d15ffe92d4,ChIJd9Lo22XmaC4R1JL-X9GTkW0,7895254149225157332,-6.8958508,107.58883069999999,4.8,Rumah Sakit Umum|Rumah Sakit|Rumah Sakit Swasta,"Rumah Sakit Umum Hermina Pasteur, Jl. Dr. Djunjunan No.107, Pasteur, Kec. Cicendo, Kota Bandung, Jawa Barat 40173",https://www.google.com/maps/search/?api=1&query=Rumah+Sakit+Umum+Hermina+Pasteur&query_place_id=ChIJd9Lo22XmaC4R1JL-X9GTkW0,"Hermina Pasteur Hermina Pasteur Hospital, Jalan Doktor Djunjunan, Pasteur, Bandung City, West Java, Indonesia",0.0087
54,Hermina Pasuruan,https://herminahospitals.com/id/branch/hermina-pasuruan,JAWA TIMUR,"8WMP+J72, Jl raya Probolinggo, Sambirejo, Kec. Rejoso, Pasuruan ",-7.665753730278198,112.93571384877026,,,Rumah Sakit Hermina Pasuruan,0x2dd7c900180a5b51:0xface01fb522a4791,ChIJUVsKGADJ1y0RkUcqUvsBzvo,18072384533611300753,-7.6657657,112.93572189999999,4.9,Rumah Sakit,"Rumah Sakit Hermina Pasuruan, Sambirejo, Kec. Rejoso, Pasuruan, Jawa Timur 67181",https://www.google.com/maps/search/?api=1&query=Rumah+Sakit+Hermina+Pasuruan&query_place_id=ChIJUVsKGADJ1y0RkUcqUvsBzvo,"Hermina Pasuruan 8WMP+J72, Jl raya Probolinggo, Sambirejo, Kec. Rejoso, Pasuruan",0.0016
33,Hermina Pekalongan,Hermina Pekalongan,JAWA TENGAH,"RS Hermina Pekalongan, Jalan Jendral Sudirman No.16a, RW.6, Podosugih, Pekalongan Barat",-6.898524000000001,109.6675772,,"RS HERMINA PEKALONGAN
Rumah Sakit Hermina Pekalongan berlokasi di Jalan Jendral Sudirman No 16 A Kecamatan Podosugih, Kabupaten Pekalongan, berdiri sejak bulan Nopember 2019. Rumah Sakit Hermina Pekalongan menyediakan pelayanan rawat jalan, rawat inap dengan kapasitas 64 tempat tidur kamar perawatan dan pelayanan intensif sebanyak 9 tempat tidur dan pelayanan penunjang medis.


Fasilitas dan Pelayanan Kami,
Rawat Jalan
IGD 24 Jam
Poliklinik Spesialis
- Anak
- Kebidanan dan Kandungan
- Saraf
- Jiwa
- Penyakit Dalam
- Paru
- Jantung
- THT
- Kulit dan Kelamin
- Bedah Ortopedi
- Bedah Umum
- Bedah Mulut
- Gigi Periodonsia
- Rehabmedik
- Mata
Medical Check Up 
Klinik Laktasi
Klinik Tumbuh Kembang
Fisioterapi

Rawat Inap
Perawatan Umum
Perawatan Intensive
Kamar Bersalin
Kamar Operasi
Penunjang Medis
Instalasi Farmasi
Laboratorium
Radiologi

Pelayanan Unggulan
Perinatologi
Intensive Care Anak (NICU/ PICU)

Contact Person :
0821 3678 9255 (Riska)
0857 2855 5844 (Yusril)",RS Hermina Pekalongan,0x2e7025f0d60cfb89:0x819086da8cbbeabb,ChIJifsM1vAlcC4Ru-q7jNqGkIE,9336110300761156283,-6.898524,109.6675772,4.4,Rumah Sakit Umum|Rumah Sakit,"RS Hermina Pekalongan, Jl. Jenderal Sudirman No.16a, RW.6, Podosugih, Kec. Pekalongan Bar., Kota Pekalongan, Jawa Tengah 51112",https://www.google.com/maps/search/?api=1&query=RS+Hermina+Pekalongan&query_place_id=ChIJifsM1vAlcC4Ru-q7jNqGkIE,"Hermina Pekalongan RS Hermina Pekalongan, Jalan Jendral Sudirman No.16a, RW.6, Podosugih, Pekalongan Barat",0.0
34,Hermina Pekanbaru,pekanbaru,RIAU,"Jl. Tuanku Tambusai No.Rt03/02, Delima, Kec. Tampan, Kota Pekanbaru, Riau 28292",0.499197,101.4125204,,,RS Hermina Pekanbaru,0x31d5a91c28229a2d:0x7ab39ab5230d5ff1,ChIJLZoiKByp1TER8V8NI7Was3o,8841580596226252785,0.49922099999999997,101.4125093,4.7,Rumah Sakit Swasta|Rumah Sakit,"RS Hermina Pekanbaru, Jl. Tuanku Tambusai, Delima, Kec. Tampan, Kota Pekanbaru, Riau 28292",https://www.google.com/maps/search/?api=1&query=RS+Hermina+Pekanbaru&query_place_id=ChIJLZoiKByp1TER8V8NI7Was3o,"Hermina Pekanbaru Jl. Tuanku Tambusai No.Rt03/02, Delima, Kec. Tampan, Kota Pekanbaru, Riau 28292",0.0029
40,Hermina Periuk Tangerang,Periuk Tangerang,BANTEN,"Jl Moh. Toha Kp Nagrak RT 004/006 , Kec. Periuk , Tangerang",-6.158098499999999,106.5996595,,"Rumah Sakit Hermina Periuk Tangerang di bangun pada 5 Desember tahun 2020 , Terletak di kota Tangerang Jl Moh. Toha Kp Nagrak Rt 004/006 , Rumah Sakit ini adalah salah satu rumah sakit unggulan di daerah tersebut yang memiliki bangunan 4 lantai dengan fasilitas unggulan Poliklinik Bedah.",RS Hermina Periuk Kota Tangerang,0x2e69ff8f966023c7:0x9549d55779457a75,ChIJxyNglo__aS4RdXpFeVfVSZU,10757363756624607861,-6.1512097,106.5937447,4.1,Rumah Sakit,"RS Hermina Periuk Kota Tangerang, Jl. Moh. Toha, RT.001/RW.007, Nagrak, Kec. Periuk, Kota Tangerang, Banten 15131",https://www.google.com/maps/search/?api=1&query=RS+Hermina+Periuk+Kota+Tangerang&query_place_id=ChIJxyNglo__aS4RdXpFeVfVSZU,"Hermina Periuk Tangerang Jl Moh. Toha Kp Nagrak RT 004/006 , Kec. Periuk , Tangerang",1.0071
27,Hermina Podomoro,Podomoro,DKI JAKARTA,"Hermina Hospital Podomoro, Jalan Danau Agung 2, RT.3/RW.16, Sunter Agung, North Jakarta City, Jakarta, Indonesia",-6.145455000000001,106.861856,,"Untuk mengantisipasi pertumbuhan penduduk Jakarta yang lebih tinggi, Rumah Sakit Hermina dibuka lagi di kawasan Podomoro pada 2017. Dibangun dengan 4 lantai dan 101 tempat tidur.",RSU Hermina Podomoro,0x2e69f59d29ce2e07:0xa62384843ac3a264,ChIJBy7OKZ31aS4RZKLDOoSEI6Y,11971557937937359460,-6.1455456,106.86152709999999,4.6,Rumah Sakit Swasta|Dokter|Rumah Sakit,"RSU Hermina Podomoro, Blok E 3, Jl. Danau Agung 2 No.28 - 30, RT.3/RW.16, Sunter Agung, Kec. Tj. Priok, Jkt Utara, Daerah Khusus Ibukota Jakarta 14350",https://www.google.com/maps/search/?api=1&query=RSU+Hermina+Podomoro&query_place_id=ChIJBy7OKZ31aS4RZKLDOoSEI6Y,"Hermina Podomoro Hermina Hospital Podomoro, Jalan Danau Agung 2, RT.3/RW.16, Sunter Agung, North Jakarta City, Jakarta, Indonesia",0.0377
30,Hermina Purwokerto,Purwokerto,JAWA TENGAH,"Hermina Hospital, RS Hermina, Jl. Yos Soedarso, Karanglewas Lor, Purwokerto Bar., Banyumas, Central Java, Indonesia",-7.421002400000001,109.2026341,,"Rumah Sakit Hermina Purwokerto Grand Opening pada tanggal 08 Februari 2018, 2 Gedung dengan Gedung 1 memiliki 7 lantai dan Gedung 2 memiliki 4 lantaidengan kapasitas 152 tempat tidur. Rumah sakit ini menyediakan layanan Obstetri, Ginekologi dan Pediatri, Penyakit lain-lain dengan produk unggulan Gigi Spesialistik, Klinik Tumbuh Kembang, Perina, NICU, PICU, ICU, Emergensi Medisin, dan Kedokteran Okupasi.",Hermina Hospital Purwokerto,0x2e655e165940f50b:0x2a2e314152ab2c5f,ChIJC_VAWRZeZS4RXyyrUkExLio,3039420955151248479,-7.420566999999999,109.20263899999999,4.7,Rumah Sakit,"Hermina Hospital Purwokerto, Jl. Yos Sudarso, RT.03/RW.01, Karanglewas Lor, Kec. Purwokerto Bar., Kabupaten Banyumas, Jawa Tengah 53136",https://www.google.com/maps/search/?api=1&query=Hermina+Hospital+Purwokerto&query_place_id=ChIJC_VAWRZeZS4RXyyrUkExLio,"Hermina Purwokerto Hermina Hospital, RS Hermina, Jl. Yos Soedarso, Karanglewas Lor, Purwokerto Bar., Banyumas, Central Java, Indonesia",0.0484
60,Hermina Salatiga,Hermina Salatiga,JAWA TENGAH,"PF2M+C93, Jl. Blotongan, Blotongan, Kec. Sidorejo, Kota Salatiga, Jawa Tengah 50715 ",-7.298965488731559,110.48339923002797,,"RS Hermina Salatiga Merupakan Rumah Sakit Hermina Cabang Ke 52 yang berlokasi di Jalan fatmawati, Kelurahan Blotongan, Kecamatan Sidorejo, Kota Semarang, Jawa Tengah. Diresmikan pada Bulan Desember 2025, RS Hermina Salatiga Mempunyai 100 Tempat tidur. Berfokus pada pelayanan Ibu, Anak dan Umum, Memiliki Dokter Spesialis kandungan, Dokter Spesialis anak,Dokter Spesialis Penyakit Dalam, Dokter Spesialis Paru, Dokter Spesialis Jantung, Dokter Spesialis Kulit dan Kelamin, Dokter Spesialis Klinik Gizi, Dokter Spesialis Saraf, Dokter Spesialis Mata, Dokter Spesialis THT, Dokter Spesialis Bedah Umum, Dokter Spesialis Orthopedi, Dokter Spesialis Rehabilitasi Medis,Dokter Spesialis Bedah Gigi,dan Dokter gigi Umum Di dukung oleh Penunjang medis seperti Farmasi, Laboratorium, Radiologi, dan fisioterapi.",RS Hermina Salatiga,0x2e7a790065e856d9:0x8e39be2a430dd458,ChIJ2VboZQB5ei4RWNQNQyq-OY4,10248431515781157976,-7.2993367,110.4828849,4.8,Rumah Sakit Umum,"PF2M+C93 RS Hermina Salatiga, Jl. Fatmawati, Blotongan, Kec. Sidorejo, Kota Salatiga, Jawa Tengah 50715",https://www.google.com/maps/search/?api=1&query=RS+Hermina+Salatiga&query_place_id=ChIJ2VboZQB5ei4RWNQNQyq-OY4,"Hermina Salatiga PF2M+C93, Jl. Blotongan, Blotongan, Kec. Sidorejo, Kota Salatiga, Jawa Tengah 50715",0.0702
28,Hermina Samarinda,Samarinda,KALIMANTAN TIMUR,"Hermina Samarinda Hospital, Jalan Teuku Umar, Karang Asam Ilir, Samarinda City, East Kalimantan, Indonesia",-0.5071492,117.1091961,,"Rumah sakit Hermina baru dibuka lagi di Kalimantan Timur, tepatnya di kota Samarinda, pada tahun 2018. Dibangun dengan 6 lantai dan berkapasitas 190 tempat tidur.                                                                                                                                                                                       VISI                                                                                                                                                                                                                                                                                                                                                                                                                                              Untuk menjadikan perusahaan yang mengoperasikan
jaringan rumah sakit yang tumbuh, sehat dan
berumur panjang
MISI                                                                                                                                                                                                                                                                                                                                                                                                                                        1.Untuk melakukan upaya berkelanjutan dalam memperluas jaringan Rumah Sakit dan meningkatkan kualitas jaringan Rumah Sakitnya dengan menambahkan  lebih banyak spesialisasi dan layanan
2.Untuk mempromosikan Departemen Perusahaan sebagai penggagas, fasilitator,  koordinator, penyelia, dan penasihat dalam mendukung jaringan Rumah Sakit
3.Untuk mengelola Perusahaan secara profesional untuk memberikan eﬁsiensi dan  efektivitas yang lebih besar, serta rasio keuangan yang sehat
4.Untuk melakukan pengembangan sumber daya manusia untuk menciptakan eksekutif  yang profesional dan loyal, dengan meneruskan sistem dan nilai-nilai Perusahaan dengan  lancar ke generasi berikutnya

",Rumah Sakit Hermina Samarinda,0x2df67f419c0bf929:0x450b0adf93f08fde,ChIJKfkLnEF_9i0R3o_wk98KC0U,4975082168736845790,-0.5073014,117.10935169999999,4.4,Rumah Sakit,"Rumah Sakit Hermina Samarinda, Jl. Teuku Umar No.34, Karang Asam Ilir, Kec. Sungai Kunjang, Kota Samarinda, Kalimantan Timur 75126",https://www.google.com/maps/search/?api=1&query=Rumah+Sakit+Hermina+Samarinda&query_place_id=ChIJKfkLnEF_9i0R3o_wk98KC0U,"Hermina Samarinda Hermina Samarinda Hospital, Jalan Teuku Umar, Karang Asam Ilir, Samarinda City, East Kalimantan, Indonesia",0.0242
18,Hermina Serpong,Serpong,BANTEN,"Hermina Serpong, Buaran, South Tangerang City, Banten, Indonesia",-6.346619599999999,106.6856743,,"
RS Hermina Serpong adalah salah satu rumah sakit yang berada di wilayah Kota Tangerang selatan, yang merupakan bagian dari jasa kesehataan di bawah naungan Hermina Hospitals Group. RS Hermina Serpong cabang ke-18 dari seluruh RS Hermina di Nusantara. 
RS Hermina Serpong Dibangun pada tahun 2013 dengan 5 lantai dengan kapasitas 100 tempat tidur, rumah sakit ini berada di lokasi strategis dan di area Puspitek Serpong yang sangat cepat perkembangannya.
",RSU Hermina Serpong,0x2e69e5a620c1bba9:0xff9a9b279437f0ac,ChIJqbvBIKblaS4RrPA3lCebmv8,18418204220377788588,-6.3465637,106.68570129999999,4.1,Rumah Sakit Swasta|Rumah Sakit,"RSU Hermina Serpong, Jl. Raya Puspitek No.99, Buaran, Kec. Serpong, Kota Tangerang Selatan, Banten 15310",https://www.google.com/maps/search/?api=1&query=RSU+Hermina+Serpong&query_place_id=ChIJqbvBIKblaS4RrPA3lCebmv8,"Hermina Serpong Hermina Serpong, Buaran, South Tangerang City, Banten, Indonesia",0.0069
20,Hermina Solo,Solo,JAWA TENGAH,"RS Hermina, Jalan Kolonel Sutarto, Jebres, Surakarta City, Central Java, Indonesia",-7.5600346,110.8402085,,"Terletak di jalur protokol Jl. Kolonel Sutarto, RS Hermina Solo mulai beroperasi pada tahun 2014 berlantai 6 dengan 100 tempat tidur. Rumah sakit ini memiliki fasilitas Fetomaternal, Hemodialisis, Thalassemia, dan KTK.",Rumah Sakit Hermina Solo,0x2e7a16f088695fbb:0x8d0692ba99ae5268,ChIJu19piPAWei4RaFKumbqSBo0,10161970939348013672,-7.5602845,110.8402108,4.7,Rumah Sakit Swasta|Rumah Sakit,"Rumah Sakit Hermina Solo, Jl. Kolonel Sutarto No.16, Jebres, Kec. Jebres, Kota Surakarta, Jawa Tengah 57126",https://www.google.com/maps/search/?api=1&query=Rumah+Sakit+Hermina+Solo&query_place_id=ChIJu19piPAWei4RaFKumbqSBo0,"Hermina Solo RS Hermina, Jalan Kolonel Sutarto, Jebres, Surakarta City, Central Java, Indonesia",0.0278
47,Hermina Soreang,https://herminahospitals.com/id/branch/hermina-soreang,JAWA BARAT,"Jl. Al-Fathu No.9, Pamekaran, Kec. Soreang, Kabupaten Bandung, Jawa Barat",-7.031593,107.526767,,"Kami dibangun untuk melayani dan didirikan untuk membangun. RS Hermina Soreang merupakan Rumah Sakit Hermina yang ke 44. Letak Rumah Sakit Hermina Soreang ada di Jalan Terusan Al Fathu no. 9, Sarilamping, Kelurahan Soreang, Kecamatan Soreang, Kabupaten Bandung, Provinsi Jawa Barat 40911. Sebagai salah satu rumah sakit swasta yang melayani kesehatan anak dan dewasa dan memberikan pelayanan yang aman dan bermutu bagi Sahabat Hermina dan keluarga. Pelayanan Rumah Sakit yang bermutu adalah pelayanan yang Aman, Rasional efektif, Efisien dan memberikan kenyamanan bagi pasien.

",Hermina Hospital Soreang,0x2e68ed0c950375fb:0x2a6a98466b6cb805,ChIJ-3UDlQztaC4RBbhsa0aYaio,3056422725341722629,-7.0316617,107.5267547,4.4,Rumah Sakit,"Hermina Hospital Soreang, Jl. Terusan Al Fathu No.9A, Soreang, Kec. Soreang, Kabupaten Bandung, Jawa Barat 40911",https://www.google.com/maps/search/?api=1&query=Hermina+Hospital+Soreang&query_place_id=ChIJ-3UDlQztaC4RBbhsa0aYaio,"Hermina Soreang Jl. Al-Fathu No.9, Pamekaran, Kec. Soreang, Kabupaten Bandung, Jawa Barat",0.0078
10,Hermina Sukabumi,Sukabumi,JAWA BARAT,"RS Hermina Sukabumi, Jalan Raya Sukaraja, Sukaraja, Sukabumi, West Java, Indonesia",-6.9178384,106.9616136,,"RSU. Hermina Sukabumi dibangun pada tahun 2007 dan dekat dengan kawasan hunian terkemuka di Sukabumi, RSU Hermina Sukabumi menawarkan layanan berkualitas untuk pasien dengan produk - produk pelayanan Umum, Ibu, dan Anak. Lokasi rumah sakit yang mudah ditemukan dengan akses strategis di jalan utama Sukaraja ini memiliki 165 tempat tidur, dan didukung fasilitas pelayanan ICU, NICU, PICU, Perinatology, Kemoterapi, KTK dan Bobath. Rumah sakit ini juga berusaha untuk menerapkan manajemen standar kualitas untuk konsistensi pemeliharaan, kualitas, sistem, efisiensi, produktivitas dan standar layanan.",Hermina Hospital Sukabumi,0x2e6848f8e5737c5f:0xd934bfebd6357bbe,ChIJX3xz5fhIaC4Rvns11uu_NNk,15651345624651365310,-6.917895199999999,106.9614452,4.8,Rumah Sakit,"Hermina Hospital Sukabumi, Jl. Raya Sukaraja, RT.003/RW.003, Sukaraja, Kec. Sukaraja, Kabupaten Sukabumi, Jawa Barat 43192",https://www.google.com/maps/search/?api=1&query=Hermina+Hospital+Sukabumi&query_place_id=ChIJX3xz5fhIaC4Rvns11uu_NNk,"Hermina Sukabumi RS Hermina Sukabumi, Jalan Raya Sukaraja, Sukaraja, Sukabumi, West Java, Indonesia",0.0196
11,Hermina Tangerang,Tangerang,BANTEN,"RS HERMINA TANGERANG, Jl. Ks. Tubun, RT.002/RW.001, Pasar Baru, Kota Tangerang, Banten, Indonesia",-6.1694727,106.6267022,,"Rumah Sakit Hermina Tangerang adalah anggota ke-11 dari jaringan Rumah Sakit Hermina Hospital Group. Beroperasi sejak tahun 2008, rumah sakit ini memberikan layanan-layanan medis yang sesuai dengan perkembangan terkini.
Rumah Sakit Hermina Tangerang berusaha untuk meningkatkan kualitas kesehatan masyarakat kawasan Karawaci, Tangerang dan sekitarnya dengan layanan-layanan unggulannya, seperti Hemodialisis, Kemoterapi, Klinik Tumbuh Kembang (KTK),ICU, NICU, Perina, hingga Gigi Spesialistik.  Rumah Sakit Hermina Tangerang telah menerima Quality Standard Achievement pada 2017, yang menunjukkan kinerja terbaiknya dalam memberikan pelayanan bagi pasien dan pertumbuhan pasien rawat inap yang pesat sejak 2012. ",RS Hermina Tangerang,0x2e69ff330630c8bd:0xe087aa9dfe8cf32a,ChIJvcgwBjP_aS4RKvOM_p2qh-A,16179087781909033770,-6.169579199999999,106.626695,4.3,Rumah Sakit Swasta|Dokter|Rumah Sakit,"RS Hermina Tangerang, Jl. Ks. Tubun No.10, RT.001/RW.001, Ps. Baru, Kec. Karawaci, Kota Tangerang, Banten 15112",https://www.google.com/maps/search/?api=1&query=RS+Hermina+Tangerang&query_place_id=ChIJvcgwBjP_aS4RKvOM_p2qh-A,"Hermina Tangerang RS HERMINA TANGERANG, Jl. Ks. Tubun, RT.002/RW.001, Pasar Baru, Kota Tangerang, Banten, Indonesia",0.0119
9,Hermina Tangkuban Perahu,Tangkuban Perahu,JAWA TIMUR,"Rumah Sakit Hermina Tangkubanprahu, Jalan Tangkuban Perahu, Kauman, Malang City, East Java, Indonesia",-7.9780737,112.6245237,,"Emisi Otoakustik (OAE) telah digunakan secara luas untuk membantu pendengaran bayi yang baru lahir, termasuk di RS Hermina Tangkubanprahu. Layanan ini secara klinis sangat penting sebagai dasar pengujian sederhana dan non-invasif terhadap kelainan pendengaran pada bayi baru lahir dan anak-anak yang belum dapat menerima tes pendengaran secara konvensional. OAE adalah produk unggulan di rumah sakit ini sejak pendiriannya pada tahun 2006, dengan dukungan fasilitas KTK.",Rumah Sakit Hermina Tangkubanprahu,0x2dd62826b3c0b8a5:0x422b49639f9f4cfb,ChIJpbjAsyYo1i0R-0yfn2NJK0I,4767985322730409211,-7.977901699999999,112.6244579,4.3,Rumah Sakit Umum,"Rumah Sakit Hermina Tangkubanprahu, Jl. Tangkuban Perahu No.29-33, Kauman, Kec. Klojen, Kota Malang, Jawa Timur 65119",https://www.google.com/maps/search/?api=1&query=Rumah+Sakit+Hermina+Tangkubanprahu&query_place_id=ChIJpbjAsyYo1i0R-0yfn2NJK0I,"Hermina Tangkuban Perahu Rumah Sakit Hermina Tangkubanprahu, Jalan Tangkuban Perahu, Kauman, Malang City, East Java, Indonesia",0.0205
48,Hermina Tasikmalaya,https://herminahospitals.com/id/branch/hermina-tasikmalaya,JAWA BARAT,"Jl. Ir. H. Djuanda No. 7a, Kel. Cipedes, Kec. Cipedes, Kota Tasikmalaya, Jawa Barat",-7.30873671778971,108.20284769425956,,"RS Hermina Tasikmalaya adalah Rumah Sakit ke-45 dari Hermina Hospitals Group yang telah diresmikan pada tanggal 29 Oktober 2022. Beralamatkan di Jl. Ir H. Juanda No 7A, RT 03, RW 14, Kel. Cipedes, Kec. Cipedes, Kota Tasikmalaya. Sebagai sebuah rumah sakit bertipe C, Hermina Tasikmalaya memiliki 111  tempat tidur operasional mulai dari kelas 3 hingga Suite Room. Layanan yang tersedia berupa poliklinik rawat jalan (pelayanan konsultasi dokter spesialis dan sub spesialis, pelayanan unggulan seperti klinik tumbuh kembang, perinatologi, ICU/NICU/PICU dan gigi spesialistik, pelayanan klinik khusus seperti klinik laktasi serta pelayanan gawat darurat IGD 24 jam), rawat inap (perawatan kebidanan dan penyakit kandungan, anak dan umum, perawatan perinatologi dan pelayanan intensif), laboratorium, radiologi, farmasi serta fasilitas umum penunjang lainnya. Sebagai salah satu rumah sakit swasta di wilayahnya, maka sistem pelayanan kesehatan RS Hermina Tasikmalaya harus memiliki kemampuan pelayanan yang bisa diandalkan dan bermutu. Pelayanan Rumah sakit yang bermutu adalah pelayanan yang Aman, Rasional efektif, Efisien (murah) dan memberikan kenyamanan bagi pasien.



























",RSU Hermina Tasikmalaya,0x2e6f57a361caed15:0x964c76f906776688,ChIJFe3KYaNXby4RiGZ3Bvl2TJY,10830162015846622856,-7.3089602,108.20236489999999,4.6,Rumah Sakit,"RSU Hermina Tasikmalaya, Jl. Ir. H. Juanda No.7A, RT.03/RW.14, Cipedes, Kec. Cipedes, Kab. Tasikmalaya, Jawa Barat 46133",https://www.google.com/maps/search/?api=1&query=RSU+Hermina+Tasikmalaya&query_place_id=ChIJFe3KYaNXby4RiGZ3Bvl2TJY,"Hermina Tasikmalaya Jl. Ir. H. Djuanda No. 7a, Kel. Cipedes, Kec. Cipedes, Kota Tasikmalaya, Jawa Barat",0.0588
49,Hermina Wonogiri,https://herminahospitals.com/id/branch/hermina-wonogiri,JAWA TENGAH,"Jl. Raya Wonogiri-Ponorogo No.KM. 5, Jatibedug, Purworejo, Kec. Wonogiri, Kabupaten Wonogiri, Jawa Tengah 57612",-7.8170619,110.9684506,,,RS Hermina Wonogiri,0x2e7a2eb2b4035f71:0x7fa5b0352d1fcc08,ChIJcV8DtLIuei4RCMwfLTWwpX8,9197951556410919944,-7.816963599999999,110.96866849999999,4.7,Rumah Sakit Umum,"RS Hermina Wonogiri, Jl. Raya Wonogiri-Ponorogo No.KM. 5, Jatibedug, Purworejo, Kec. Wonogiri, Kabupaten Wonogiri, Jawa Tengah 57612",https://www.google.com/maps/search/?api=1&query=RS+Hermina+Wonogiri&query_place_id=ChIJcV8DtLIuei4RCMwfLTWwpX8,"Hermina Wonogiri Jl. Raya Wonogiri-Ponorogo No.KM. 5, Jatibedug, Purworejo, Kec. Wonogiri, Kabupaten Wonogiri, Jawa Tengah 57612",0.0264
22,Hermina Yogya,Yogya,DI YOGYAKARTA,"Hermina Yogya Hospital, Jalan Selokan Mataram, RT.06/RW.50, Meguwo, Maguwoharjo, Sleman Regency, Special Region of Yogyakarta, Indonesia",-7.7702542,110.4327726,,"RS Hermina Yogya berlokasi di Jalan Selokan Mataram RT 06 RW 50, Gondangan, Ringinsari, Maguwoharjo, Depok, Sleman, DIY
RS Hermina Yogya merupakan RS cabang ke 22 dari 53 cabang yang ada di Indonesia
RS Hermina Yogya merupakan RS tipe C dengan jumlah 81 dokter spesialis dan subspesialis 
RS Hermina Yogya memiliki jumlah tempat tidur sebanyak 118 Tempat Tidur
",Hermina Hospital Yogya,0x2e7a5a2220ab04b7:0xa58fe89efa26396e,ChIJtwSrICJaei4Rbjkm-p7oj6U,11930009707427019118,-7.7702994,110.4327737,4,Rumah Sakit,"Hermina Hospital Yogya, Jl. Selokan Mataram, Meguwo, Maguwoharjo, Kec. Depok, Kabupaten Sleman, Daerah Istimewa Yogyakarta 55282",https://www.google.com/maps/search/?api=1&query=Hermina+Hospital+Yogya&query_place_id=ChIJtwSrICJaei4Rbjkm-p7oj6U,"Hermina Yogya Hermina Yogya Hospital, Jalan Selokan Mataram, RT.06/RW.50, Meguwo, Maguwoharjo, Sleman Regency, Special Region of Yogyakarta, Indonesia",0.005
52,Independent RS UBAYA  Managed by Hermina,https://herminahospitals.com/id/branch/rs-ubaya,JAWA TIMUR,"Jl. Raya Panjang Jiwo Permai No.87 89, Panjang Jiwo, Kec. Tenggilis Mejoyo, Surabaya, Jawa Timur 60299",-7.3142028,112.7657777,,"Pemilik:
PT Keluwih Medika Surabaya
Rumah sakit dikelola dengan sistem manajemen yang mengacu pada standar RS Hermina Group oleh karena RS Ubaya merupakan anggota Perkumpulan Hermina Group dengan Luas tanah: 13.049,64 m2 dan Luas bangunan: 27.791,39 m2",RS UBAYA,0x2dd7fb9db0fa0edd:0xcfb816f5a8b1a51b,ChIJ3Q76sJ371y0RG6WxqPUWuM8,14967738605918856475,-7.3141907999999995,112.76575109999999,4.4,Rumah Sakit,"RS UBAYA, Jl. Raya Panjang Jiwo Permai No.87-89, Panjang Jiwo, Kec. Tenggilis Mejoyo, Surabaya, Jawa Timur 60299",https://www.google.com/maps/search/?api=1&query=RS+UBAYA&query_place_id=ChIJ3Q76sJ371y0RG6WxqPUWuM8,"Independent RS UBAYA Managed by Hermina Jl. Raya Panjang Jiwo Permai No.87 89, Panjang Jiwo, Kec. Tenggilis Mejoyo, Surabaya, Jawa Timur 60299",0.0032
14,RS Hermina Galaxy,Galaxy,JAWA BARAT,"Hermina Galaxy Hospital, Jalan Pulo Sirih Barat Raya, RT.003/RW.017, Jaka Setia, Bekasi City, West Java, Indonesia",-6.2687439,106.9722028,,"RS Hermina Galaxy diresmikan pada tahun 2011 yang terletak di Jl. Gardenia Raya Blok BA I No. 11 Grand Galaxy City Bekasi, dengan kapasitas 120 tempat tidur dan didukung dengan fasilitas ICU, PICU, NICU, CT Scan, Treadmill, Echocardiography, Klinik Tumbuh Kembang Anak, Gigi Spesialistik, Fetomaternal, Rheumatology, Klinik Mata Anak dan Strabismus, serta layanan IGD 24 Jam. ",Hermina Hospital Galaxy,0x2e698dbca8a17ab7:0xc60d764212ee2b7d,ChIJt3qhqLyNaS4RfSvuEkJ2DcY,14271192820364487549,-6.2687658,106.972201,4.1,Rumah Sakit,"Hermina Hospital Galaxy, Jl. Gardenia Raya Blok BA I. 11 Grand Galaxy CIty RT.003, RW.017, Jaka Setia, Kec. Bekasi Sel., Kota Bks, Jawa Barat 17147",https://www.google.com/maps/search/?api=1&query=Hermina+Hospital+Galaxy&query_place_id=ChIJt3qhqLyNaS4RfSvuEkJ2DcY,"RS Hermina Galaxy Hermina Galaxy Hospital, Jalan Pulo Sirih Barat Raya, RT.003/RW.017, Jaka Setia, Bekasi City, West Java, Indonesia",0.0024
58,RS Hermina PIK Dua,RS Hermina PIK Dua,DKI JAKARTA,"Jl. Raya Boulevard Osaka, Kelurahan Salembaran Jaya, Kecamatan Kosambi, Kabupaten Tangerang, Banten 15214",-6.058323533158381,106.68019199840778,,"Rumah Sakit Hermina PIK Dua hadir sebagai pilihan terpercaya dalam memberikan layanan kesehatan di kawasan Pantai Indah Kapuk 2 dan sekitarnya. Dengan komitmen untuk menyediakan pelayanan medis yang profesional, ramah, dan terjangkau, kami mendukung setiap langkah kesehatan Anda bersama tim medis yang berpengalaman dan fasilitas yang lengkap.  

Mengutamakan kenyamanan pasien dan keluarga, RS Hermina PIK Dua dilengkapi dengan teknologi medis mutakhir serta ruang perawatan yang nyaman. Kami siap melayani berbagai kebutuhan kesehatan Anda, mulai dari pemeriksaan rutin hingga layanan gawat darurat 24 jam dengan penuh perhatian dan dedikasi.
",Hermina PIK Dua,0x2e6a03aefe12740b:0xba019913078f4c68,ChIJC3QS_q4Dai4RaEyPBxOZAbo,13403162273041566824,-6.0587187,106.6803059,4.6,Rumah Sakit,"Hermina PIK Dua, Jl. Raya Boulevard Osaka, Salembaran, Kec. Kosambi, Kabupaten Tangerang, Banten 15214",https://www.google.com/maps/search/?api=1&query=Hermina+PIK+Dua&query_place_id=ChIJC3QS_q4Dai4RaEyPBxOZAbo,"RS Hermina PIK Dua Jl. Raya Boulevard Osaka, Kelurahan Salembaran Jaya, Kecamatan Kosambi, Kabupaten Tangerang, Banten 15214",0.0457
53,RSU Hermina Aceh,Aceh,ACEH,"Jalan Soekarno Hatta, Kab. Aceh Besar, Aceh",5.511678,95.3441234,,"Rumah Sakit Hermina Aceh di bangun 4 lantai dengan total luas 8.290,95 m2, luas parkir yang mampu menampung mobil sebanyak 59 unit mobil dan 130 unit motor. Saat ini jumlah tempat tidur yang dapat dikembangkan menjadi 50 TT yang terdiri dari Kamar Deluxe, Kamar Kelas I, Kamar Kelas II, dan Kamar Kelas III, kami mempunyai keinginan menjadikan Rumah Sakit Hermina Aceh sebagai salah satu Rumah Sakit Rujukan terutama untuk pelayanan emergency, ibu & anak, dan perinatologi

Dilengkapi dengan fasilitas ruang IGD, OK, ICU, PICU/NICU, VK dan penunjang medis berupa Farmasi, Laboratorium, dan Radiologi, serta pengelola limbah cair (IPAL), gardu travo listrik PLN tersendiri dan genset. RS Hermina Aceh dikelola dengan standar manajemen pelayanan medis, manajemen keperawatan, manajemen logistik, manajemen personalia, manajemen keuangan dan manajemen operasional yang didukung dengan SIMRS standar RS di dalam grup Hermina. Tujuan standarisasi manajemen tersebut agar tercapai tingkat efisiensi dan efektifitas yang tinggi dalam waktu yang cepat untuk pasien Pribadi, Asuransi, maupun Penjaminan Perusahaan. 
 Fasilitas :                                                      
Farmasi
Fisioterapi
Gigi Spesialistik
Klinik Tumbuh Kembang (KTK)
Laboratorium
ICU
NICU
PICU (Unit Perawatan Intensif Anak)
Perinatologi
USG
X-Ray Konvensional
Ventilator",RS Hermina Aceh,0x304039d3cdf3e6f9:0xd04035320d0f6ed5,ChIJ-ebzzdM5QDAR1W4PDTI1QNA,15006052447482244821,5.5116833,95.3440969,4.8,Rumah Sakit,"RS Hermina Aceh, Meunasah Manyet, Kec. Ingin Jaya, Kabupaten Aceh Besar, Aceh 23241",https://www.google.com/maps/search/?api=1&query=RS+Hermina+Aceh&query_place_id=ChIJ-ebzzdM5QDAR1W4PDTI1QNA,RS Hermina Aceh,0.003
